Date,Revenue,Expenses,Profit,Margin_Pct,Unit_Price,Units_Sold,Customer_Visits
2023-01-02,47926.04,29750.37,18175.67,37.92,239.96,717,1165
2023-01-03,59715.33,30144.13,29571.2,49.52,463.07,987,1158
2023-01-04,72845.45,33781.04,39064.41,53.63,204.82,399,3159
2023-01-05,46487.7,19065.13,27422.57,58.99,316.21,803,4172
2023-01-06,46487.95,34740.54,11747.41,25.27,392.11,622,2700
2023-01-07,73688.19,8364.87,65323.32,88.65,394.12,996,4319
2023-01-08,61511.52,24960.92,36550.6,59.42,264.45,434,2204
2023-01-09,42957.88,26093.81,16864.07,39.26,430.4,596,2953
2023-01-10,58138.4,35066.61,23071.79,39.68,201.78,815,2755
